Judul,Link,Tahun,Penulis,Publikasi
Spatial Clustering Regression in Identifying Local Factors in Stunting Cases in Indonesia,https://scholar.google.com/citations?view_op=view_citation&hl=id&user=fN-LWBEAAAAJ&cstart=100&pagesize=100&citation_for_view=fN-LWBEAAAAJ:Ug5p-4gJ2f0C,2025,"UA Syam, A Djuraidah, UD Syafitri","JTAM (Jurnal Teori dan Aplikasi Matematika) 9 (2), 600-614, 2025"
"Spatiotemporal Bayes model for estimating the number of hotspots as an indicator of forest and land fires in Kalimantan Island, Indonesia",https://scholar.google.com/citations?view_op=view_citation&hl=id&user=fN-LWBEAAAAJ&pagesize=100&citation_for_view=fN-LWBEAAAAJ:ruyezt5ZtCIC,2025,"F Rohimahastuti, A Djuraidah, H Wijayanto","Journal of Agrometeorology 27 (1), 27-32, 2025"
Bayesian conditional negative binomial autoregressive model: a case study of stunting on Java Island in 2021,https://scholar.google.com/citations?view_op=view_citation&hl=id&user=fN-LWBEAAAAJ&pagesize=100&citation_for_view=fN-LWBEAAAAJ:tuHXwOkdijsC,2024,"DJ Fitri, A Djuraidah, H Wijayanto","Commun. Math. Biol. Neurosci. 2024, Article ID 18, 2024"
Rainfall modeling with CMIP6-DCPP outputs and local characteristic information using eigenvector spatial filtering varying coefficient (ESF-VC),https://scholar.google.com/citations?view_op=view_citation&hl=id&user=fN-LWBEAAAAJ&cstart=100&pagesize=100&citation_for_view=fN-LWBEAAAAJ:SpbeaW3--B0C,2024,"D Al Mahkya, A Djuraidah, AH Wigena, B Sartono","Journal of Agrometeorology 26 (3), 311-317, 2024"
"Bias correction and ensemble techniques in statistical downscaling model for rainfall prediction using Tweedie-LASSO in West Java, Indonesia",https://scholar.google.com/citations?view_op=view_citation&hl=id&user=fN-LWBEAAAAJ&cstart=100&pagesize=100&citation_for_view=fN-LWBEAAAAJ:i2xiXl-TujoC,2024,"D Dewanti, A Djuraidah, B Sartono, A Sopaheluwakan","Journal of Agrometeorology 26 (3), 324-330, 2024"
A-Optimal pada Mixture Amount Design dengan modifikasi rancangan petak terbagi menggunakan Algoritma point-exchange,https://scholar.google.com/citations?view_op=view_citation&hl=id&user=fN-LWBEAAAAJ&cstart=100&pagesize=100&citation_for_view=fN-LWBEAAAAJ:tYavs44e6CUC,2024,"MDP Sari, UD Syafitri, A Djuraidah","Al-Khwarizmi: Jurnal Pendidikan Matematika dan Ilmu Pengetahuan Alam 12 (2 …, 2024"
BCBimax Biclustering Algorithm with Mixed-Type Data,https://scholar.google.com/citations?view_op=view_citation&hl=id&user=fN-LWBEAAAAJ&pagesize=100&citation_for_view=fN-LWBEAAAAJ:WZBGuue-350C,2024,"H Izzati, I Indahwati, A Djuraidah","JUITA: Jurnal Informatika 12 (1), 131-139, 2024"
Identifying Factors Affecting Waste Generation in West Java in 2021 Using Spatial Regression,https://scholar.google.com/citations?view_op=view_citation&hl=id&user=fN-LWBEAAAAJ&pagesize=100&citation_for_view=fN-LWBEAAAAJ:kz9GbA2Ns4gC,2024,"A Djuraidah, A Rizki, T Alfan","JTAM (Jurnal Teori dan Aplikasi Matematika) 8 (2), 495-505, 2024"
APPLICATION OF PENALIZED SPLINE-SPATIAL AUTOREGRESSIVE MODEL TO HIV CASE DATA IN INDONESIA,https://scholar.google.com/citations?view_op=view_citation&hl=id&user=fN-LWBEAAAAJ&pagesize=100&citation_for_view=fN-LWBEAAAAJ:zLWjf1WUPmwC,2023,"N Pigitha, A Djuraidah, AH Wigena","BAREKENG: Jurnal Ilmu Matematika dan Terapan 17 (1), 0527-0534, 2023"
Performance of LASSO and elastic-net methods on non-invasive blood glucose measurement calibration modeling,https://scholar.google.com/citations?view_op=view_citation&hl=id&user=fN-LWBEAAAAJ&pagesize=100&citation_for_view=fN-LWBEAAAAJ:EkHepimYqZsC,2023,"F Abqorunnisa, E Erfiani, A Djuraidah","BAREKENG: Jurnal Ilmu Matematika dan Terapan 17 (1), 0037-0042, 2023"
Pemodelan Mixed Geographically Weighted Regression-Spatial Autoregressive (MGWR-SAR) pada Kasus HIV di Indonesia,https://scholar.google.com/citations?view_op=view_citation&hl=id&user=fN-LWBEAAAAJ&cstart=100&pagesize=100&citation_for_view=fN-LWBEAAAAJ:b1wdh0AR-JQC,2023,"A Djuraidah, R Anisa, AR Tarida, MA Aliu, C Septemberini, YPAP Astrini, ...","Jurnal Aplikasi Statistika & Komputasi Statistik 15 (2), 65-76, 2023"
Multiclass Forecasting on Panel Data Using Autoregressive Multinomial Logit and C5. 0 Decision Tree,https://scholar.google.com/citations?view_op=view_citation&hl=id&user=fN-LWBEAAAAJ&pagesize=100&citation_for_view=fN-LWBEAAAAJ:yB1At4FlUx8C,2023,"M Ardiansyah, H Wijayanto, A Kurnia, A Djuraidah","Pakistan Journal of Statistics and Operation Research, 145-154, 2023"
Estimation of Factors Affecting Stunting Cases in West Java in 2021 Using Negative Binomial Spatial Regression,https://scholar.google.com/citations?view_op=view_citation&hl=id&user=fN-LWBEAAAAJ&cstart=100&pagesize=100&citation_for_view=fN-LWBEAAAAJ:TIZ-Mc8IlK0C,2023,"A Djuraidah, M Amelia, R Anisa","Jurnal Matematika, Statistika dan Komputasi 20 (1), 41-51, 2023"
Analisis Data Produk Domestik Regional Bruto Pulau Jawa Menggunakan Pendekatan Regresi Kuantil Spasial,https://scholar.google.com/citations?view_op=view_citation&hl=id&user=fN-LWBEAAAAJ&cstart=100&pagesize=100&citation_for_view=fN-LWBEAAAAJ:KUbvn5osdkgC,2023,"L Usman, A Saefuddin, A Djuraidah","ESTIMASI: Journal of Statistics and Its Application, 153-164, 2023"
"Land Use Change Modelling Using Logistic Regression, Random Forest and Additive Logistic Regression in Kubu Raya Regency, West Kalimantan",https://scholar.google.com/citations?view_op=view_citation&hl=id&user=fN-LWBEAAAAJ&pagesize=100&citation_for_view=fN-LWBEAAAAJ:kuK5TVdYjLIC,2023,"AN Pradana, A Djuraidah, AM Soleh","Forum Geografi 37 (2), 149-163, 2023"
Geo-additive mixed model with variable selection using the adaptive elastic net to handle nonresponse in official rice productivity survey,https://scholar.google.com/citations?view_op=view_citation&hl=id&user=fN-LWBEAAAAJ&cstart=100&pagesize=100&citation_for_view=fN-LWBEAAAAJ:URolC5Kub84C,2023,"M Ardiansyah, H Wijayanto, A Kurnia, A Djuraidah","Spatial Statistics 56, 100761, 2023"
ROBUST STOCHASTIC PRODUCTION FRONTIER TO ESTIMATE TECHNICAL EFFICIENCY OF RICE FARMING IN SULAWESI SELATAN,https://scholar.google.com/citations?view_op=view_citation&hl=id&user=fN-LWBEAAAAJ&cstart=100&pagesize=100&citation_for_view=fN-LWBEAAAAJ:ipzZ9siozwsC,2023,"I Pranata, A Djuraidah, MN Aidi","BAREKENG: Jurnal Ilmu Matematika dan Terapan 17 (1), 0391-0400, 2023"
Spatial regression model on gross regional domestic products in Indonesia with Eigenvector spatial filtering approach,https://scholar.google.com/citations?view_op=view_citation&hl=id&user=fN-LWBEAAAAJ&cstart=100&pagesize=100&citation_for_view=fN-LWBEAAAAJ:VLnqNzywnoUC,2022,"NR Sahputri, A Djuraidah, AM Soleh","AIP Conference Proceedings 2662 (1), 2022"
2D-Multinomial elastic net to classify rice growth phases based on images,https://scholar.google.com/citations?view_op=view_citation&hl=id&user=fN-LWBEAAAAJ&pagesize=100&citation_for_view=fN-LWBEAAAAJ:z_wVstp3MssC,2022,"M Ardiansyah, H Wijayanto, A Kurnia, A Djuraidah","AIP Conference Proceedings 2662 (1), 2022"
"A Bayesian conditional autoregressive with INLA: A case study of tuberculosis in Java, Indonesia",https://scholar.google.com/citations?view_op=view_citation&hl=id&user=fN-LWBEAAAAJ&pagesize=100&citation_for_view=fN-LWBEAAAAJ:-_dYPAW6P2MC,2022,"A Djuraidah, Z Mar’ah, R Anisa","Commun. Math. Biol. Neurosci. 2022, Article ID 102, 2022"
Kajian Perbandingan Rata-rata Umur Panen dan Produktivitas Padi Antar-Provinsi di Indonesia,https://scholar.google.com/citations?view_op=view_citation&hl=id&user=fN-LWBEAAAAJ&pagesize=100&citation_for_view=fN-LWBEAAAAJ:foquWX3nUaYC,2022,"M Ardiansyah, H Wijayanto, A Kurnia, A Djuraidah","Jurnal Penelitian Pertanian Tanaman Pangan 6 (1), 35-40, 2022"
Modeling life expectancy in Papua province using spatial dynamic panel data models,https://scholar.google.com/citations?view_op=view_citation&hl=id&user=fN-LWBEAAAAJ&cstart=100&pagesize=100&citation_for_view=fN-LWBEAAAAJ:j8SEvjWlNXcC,2022,"T Shafira, A Djuraidah, Erfiani","AIP Conference Proceedings 2662 (1), 020024, 2022"
Spatio temporal random effect models for child labor mapping,https://scholar.google.com/citations?view_op=view_citation&hl=id&user=fN-LWBEAAAAJ&cstart=100&pagesize=100&citation_for_view=fN-LWBEAAAAJ:uJ-U7cs_P_0C,2022,"I Wulandari, A Fitrianto, A Djuraidah, IM Sumertajaya","AIP Conference Proceedings 2662 (1), 020037, 2022"
Pemodelan Tingkat Bunuh Diri di Tujuh Belas Negara menggunakan Regresi Data Panel,https://scholar.google.com/citations?view_op=view_citation&hl=id&user=fN-LWBEAAAAJ&cstart=100&pagesize=100&citation_for_view=fN-LWBEAAAAJ:2KloaMYe4IUC,2022,"MA Pramarta, ID Sulvianti, A Djuraidah","Jurnal Riset dan Aplikasi Matematika (JRAM) 6 (1), 80-92, 2022"
Statistical Downscaling Modeling for Monthly Rainfall Estimation using Geographical And Temporal Weighted Gamma Regression,https://scholar.google.com/citations?view_op=view_citation&hl=id&user=fN-LWBEAAAAJ&pagesize=100&citation_for_view=fN-LWBEAAAAJ:fEOibwPWpKIC,2022,"A Kardiana, AH Wigena, A Djuraidah, AM Soleh","Asian J. Math. Computer Res 29 (2), 43-55, 2022"
Handling Outliers in The Stochastic Frontier Model Using Cauchy and Rayleigh Distributions to Measure Technical Efficiency of Rice Farming Bussiness,https://scholar.google.com/citations?view_op=view_citation&hl=id&user=fN-LWBEAAAAJ&cstart=100&pagesize=100&citation_for_view=fN-LWBEAAAAJ:nrtMV_XWKgEC,2022,"R Nurwulan, A Djuraidah, A Fitrianto","Indonesian Journal of Artificial Intelligence and Data Mining 5 (2), 98-110, 2022"
Geographically and temporally weighted regression modeling in statistical downscaling modeling for the estimation of monthly rainfall,https://scholar.google.com/citations?view_op=view_citation&hl=id&user=fN-LWBEAAAAJ&cstart=100&pagesize=100&citation_for_view=fN-LWBEAAAAJ:tKAzc9rXhukC,2022,"A Kardiana, AH Wigena, A Djuraidah, AM Soleh","J. Math. Comput. Sci. 12, Article ID 164, 2022"
The modeling of poverty in Java Island 2012 until 2018 using dynamic spatial panel,https://scholar.google.com/citations?view_op=view_citation&hl=id&user=fN-LWBEAAAAJ&pagesize=100&citation_for_view=fN-LWBEAAAAJ:XD-gHx7UXLsC,2022,"A Nuswantari, A Djuraidah, UD Syafitri","AIP Conference Proceedings 2662 (1), 2022"
Value-at-risk portfolio estimation with copula on selected stocks using variable importance from random forest,https://scholar.google.com/citations?view_op=view_citation&hl=id&user=fN-LWBEAAAAJ&pagesize=100&citation_for_view=fN-LWBEAAAAJ:t7zJ5fGR-2UC,2022,"A Utomo, A Djuraidah, AH Wigena","AIP Conference Proceedings 2662 (1), 2022"
Evaluation of ensemble method for multiclass classification on unbalanced data,https://scholar.google.com/citations?view_op=view_citation&hl=id&user=fN-LWBEAAAAJ&pagesize=100&citation_for_view=fN-LWBEAAAAJ:9Nmd_mFXekcC,2022,"AA Rosita, A Kurnia, A Djuraidah","AIP Conference Proceedings 2662 (1), 2022"
PENENTUAN FAKTOR-FAKTOR YANG MEMPENGARUHI PNEUMONIA BALITA DI JAWA BARAT DENGAN REGRESI SPASIAL,https://scholar.google.com/citations?view_op=view_citation&hl=id&user=fN-LWBEAAAAJ&cstart=100&pagesize=100&citation_for_view=fN-LWBEAAAAJ:1yQoGdGgb4wC,2021,"R Muhammad, A Djuraidah, UD Syafitri","Monograph Penerapan dan Pengembangan Regresi Spasial dengan Studi Kasus pada …, 2021"
Pedoman Statistika Ria dan Festival Sains Data (SATRIA DATA) tahun 2021,https://scholar.google.com/citations?view_op=view_citation&hl=id&user=fN-LWBEAAAAJ&cstart=100&pagesize=100&citation_for_view=fN-LWBEAAAAJ:7T2F9Uy0os0C,2021,"A Djuraidah, ET Astuti, A Efendi, A Abdurakhman, E Widodo, IW Mangku, ...","Pusat Prestasi Nasional, 2021"
A new approach to statistical downscaling using Tweedie compound Poisson gamma response and lasso regularization,https://scholar.google.com/citations?view_op=view_citation&hl=id&user=fN-LWBEAAAAJ&pagesize=100&citation_for_view=fN-LWBEAAAAJ:dQ2og3OwTAUC,2021,"M Hayati, AH Wigena, A Djuraidah, A Kurnia","Commun. Math. Biol. Neurosci. 2021, Article ID 60, 2021"
Spatial clustered regression analysis of 2017 Getis score Indonesian malaria prevalence data,https://scholar.google.com/citations?view_op=view_citation&hl=id&user=fN-LWBEAAAAJ&pagesize=100&citation_for_view=fN-LWBEAAAAJ:5ugPr518TE4C,2021,"S Sukmawati, A Djuraidah, AH Wigena","Journal of Physics: Conference Series 1863 (1), 012043, 2021"
Modeling annual parasite incidence of malaria in Indonesia of 2017 using spatial regime,https://scholar.google.com/citations?view_op=view_citation&hl=id&user=fN-LWBEAAAAJ&pagesize=100&citation_for_view=fN-LWBEAAAAJ:uLbwQdceFCQC,2021,"A Djuraidah, P Silvianti, B Djaafara, SN Laila","Indonesian Journal of Geography 53 (2), 185-191, 2021"
Spatial autoregressive stochastic frontier model with application to Indonesia’s aquaculture,https://scholar.google.com/citations?view_op=view_citation&hl=id&user=fN-LWBEAAAAJ&pagesize=100&citation_for_view=fN-LWBEAAAAJ:XiVPGOgt02cC,2021,"R Zulkarnain, A Djuraidah, IM Sumertajaya","Journal of Physics: Conference Series 1863 (1), 012044, 2021"
Mixed Geographically and Temporally Weighted Autoregressive to Modeling the Levels of Poverty Population in Java in 2012-2018,https://scholar.google.com/citations?view_op=view_citation&hl=id&user=fN-LWBEAAAAJ&pagesize=100&citation_for_view=fN-LWBEAAAAJ:t6usbXjVLHcC,2021,"A Djuraidah, H Djalihu, AM Soleh","Journal of Physics: Conference Series 1863 (1), 012048, 2021"
The spatio-temporal model for the Tweedie compound Poisson gamma response in statistical downscaling,https://scholar.google.com/citations?view_op=view_citation&hl=id&user=fN-LWBEAAAAJ&cstart=100&pagesize=100&citation_for_view=fN-LWBEAAAAJ:_Ybze24A_UAC,2021,"M Hayati, AH Wigena, A Djuraidah, A Kurnia","J. Math. Comput. Sci. 12, Article ID 35, 2021"
PENERAPAN MODEL REGRESI SPASIAL PADA KASUS INFEKSI VIRUS DENGUE DI DKI JAKARTA TAHUN 2014,https://scholar.google.com/citations?view_op=view_citation&hl=id&user=fN-LWBEAAAAJ&cstart=100&pagesize=100&citation_for_view=fN-LWBEAAAAJ:PR6Y55bgFSsC,2021,"ER Febriyanti, A Djuraidah, A Alamudi","Monograph Penerapan dan Pengembangan Regresi Spasial dengan Studi Kasus pada …, 2021"
Dynamic spatial Durbin modeling (case: percentage of poor population in Indonesia 2010-2019),https://scholar.google.com/citations?view_op=view_citation&hl=id&user=fN-LWBEAAAAJ&pagesize=100&citation_for_view=fN-LWBEAAAAJ:olpn-zPbct0C,2021,"E Sunandi, IM Sumertajaya, A Djuraidah, AH Wigena, A Fitrianto","Journal of Physics: Conference Series 1863 (1), 012046, 2021"
Mixed Geographically and Temporally Weighted Regression Analysis of Percentage of Poverty in Java Island,https://scholar.google.com/citations?view_op=view_citation&hl=id&user=fN-LWBEAAAAJ&pagesize=100&citation_for_view=fN-LWBEAAAAJ:wbdj-CoPYUoC,2021,"A Djuraidah, AH Asianingrum","Journal of Physics: Conference Series 1863 (1), 012047, 2021"
Development of the panel ardl by adding space-time effect to modeling monthly paddy producer price in java,https://scholar.google.com/citations?view_op=view_citation&hl=id&user=fN-LWBEAAAAJ&pagesize=100&citation_for_view=fN-LWBEAAAAJ:1qzjygNMrQYC,2021,"M Ardiansyah, A Djuraidah, IM Sumertajaya, AH Wigena, A Fitrianto","Journal of Physics: Conference Series 1863 (1), 012053, 2021"
Extreme data analysis using spatio-temporal Bayes regression with INLA in statistical downscaling model,https://scholar.google.com/citations?view_op=view_citation&hl=id&user=fN-LWBEAAAAJ&pagesize=100&citation_for_view=fN-LWBEAAAAJ:tkaPQYYpVKoC,2021,"A DJURAIDAH, RN RACHMAWATI, AH WIGENA, IW MANGKU","International Journal of Innovative Computing, Information and Control 17 (1 …, 2021"
Numerical prediction of paddy weight of crop cutting survey using generalized Geoadditive linear mixed model,https://scholar.google.com/citations?view_op=view_citation&hl=id&user=fN-LWBEAAAAJ&pagesize=100&citation_for_view=fN-LWBEAAAAJ:J-pR_7NvFogC,2021,"M Ardiansyah, A Kurnia, K Sadik, A Djuraidah, H Wijayanto","Journal of Physics: Conference Series 1863 (1), 012024, 2021"
Clusterwise regression model for statistical downscaling to predict daily rainfall using gamma distribution,https://scholar.google.com/citations?view_op=view_citation&hl=id&user=fN-LWBEAAAAJ&cstart=100&pagesize=100&citation_for_view=fN-LWBEAAAAJ:bnK-pcrLprsC,2021,"FM Nadhira, AM Soleh, A Djuraidah","Journal of Physics: Conference Series 1863 (1), 012051, 2021"
Topic modelling and hotel rating prediction based on customer review in Indonesia,https://scholar.google.com/citations?view_op=view_citation&hl=id&user=fN-LWBEAAAAJ&pagesize=100&citation_for_view=fN-LWBEAAAAJ:hkOj_22Ku90C,2021,"Y Putranto, B Sartono, A Djuraidah","International Journal of Management and Decision Making 20 (3), 282-307, 2021"
"Monograph penerapan dan pengembangan regresi spasial dengan studi kasus pada kesehatan, sosial, dan ekonomi",https://scholar.google.com/citations?view_op=view_citation&hl=id&user=fN-LWBEAAAAJ&pagesize=100&citation_for_view=fN-LWBEAAAAJ:ZfRJV9d4-WMC,2021,A Djuraidah,"PT Penerbit IPB Press, 2021"
Utilization of Student’ST Distribution To Handle Outliers in Technical Efficiency Measurement,https://scholar.google.com/citations?view_op=view_citation&hl=id&user=fN-LWBEAAAAJ&pagesize=100&citation_for_view=fN-LWBEAAAAJ:Fu2w8maKXqMC,2021,"R Zulkarnain, A Djuraidah, IM Sumertajaya, I Indahwati","MEDIA STATISTIKA 14 (1), 56-67, 2021"
Statistical downscaling modeling with kernel ridge regression for rainfall prediction in West Java,https://scholar.google.com/citations?view_op=view_citation&hl=id&user=fN-LWBEAAAAJ&cstart=100&pagesize=100&citation_for_view=fN-LWBEAAAAJ:LI9QrySNdTsC,2020,"M Ihwal, AH Wigena, A Djuraidah","Int J Sci Res Publ 10, 266-272, 2020"
PENGGEROMBOLAN DERET WAKTU DENGAN PENDEKATAN UKURAN KEMIRIPAN PICCOLO UNTUK PERAMALAN CURAH HUJAN PROVINSI BANTEN,https://scholar.google.com/citations?view_op=view_citation&hl=id&user=fN-LWBEAAAAJ&cstart=100&pagesize=100&citation_for_view=fN-LWBEAAAAJ:D_sINldO8mEC,2020,"S Fadhlia, IM Sumertajaya, A Djuraidah","Indonesian Journal of Statistics and Its Applications 4 (2), 382-391, 2020"
"Kajian simulasi perbandingan metode regresi kuadrat terkecil parsial, support vector machine, dan random forest",https://scholar.google.com/citations?view_op=view_citation&hl=id&user=fN-LWBEAAAAJ&cstart=100&pagesize=100&citation_for_view=fN-LWBEAAAAJ:sSrBHYA8nusC,2020,"AA Fauzi, AM Soleh, A Djuraidah","Indonesian Journal of Statistics and Its Applications 4 (1), 203-215, 2020"
Analisis Regresi Data Panel Pada Indeks Pembangunan Gender (IPG) Jawa Tengah Tahun 2011-2015,https://scholar.google.com/citations?view_op=view_citation&hl=id&user=fN-LWBEAAAAJ&pagesize=100&citation_for_view=fN-LWBEAAAAJ:geHnlv5EZngC,2020,"I Lukiswati, A Djuraidah, UD Syafitri","Indonesian Journal of Statistics and Its Applications 4 (1), 89-96, 2020"
Robust spatial regression model on original local government revenue in Java 2017,https://scholar.google.com/citations?view_op=view_citation&hl=id&user=fN-LWBEAAAAJ&pagesize=100&citation_for_view=fN-LWBEAAAAJ:u9iWguZQMMsC,2020,"WC Mastuti, A Djuraidah, E Erfiani","Indonesian Journal of Statistics and Its Applications 4 (1), 68-79, 2020"
Simulation study for comparison of spatial autoregressive probit estimation methods,https://scholar.google.com/citations?view_op=view_citation&hl=id&user=fN-LWBEAAAAJ&pagesize=100&citation_for_view=fN-LWBEAAAAJ:xtRiw3GOFMkC,2019,"F Novkaniza, A Djuraidah, A Fitrianto, IM Sumertajaya","IOP Conference Series: Earth and Environmental Science 299 (1), 012030, 2019"
Analysis of Geographically and Temporally Weighted Regression (GTWR) GRDP of the Construction Sector in Java Island,https://scholar.google.com/citations?view_op=view_citation&hl=id&user=fN-LWBEAAAAJ&pagesize=100&citation_for_view=fN-LWBEAAAAJ:CHSYGLWDkRkC,2019,"S Haryanto, MN Aidi, A Djuraidah","Forum Geografi 33 (1), 130-139, 2019"
Peramalan curah hujan ekstrim di provinsi banten dengan model ekstrim spasial,https://scholar.google.com/citations?view_op=view_citation&hl=id&user=fN-LWBEAAAAJ&pagesize=100&citation_for_view=fN-LWBEAAAAJ:abG-DnoFyZgC,2019,"A Djuraidah, C Suheni, B Nabila","Media Statistika 12 (1), 50-62, 2019"
Pemodelan Kemiskinan Di Jawa Menggunakan Bayesian Spasial Probit Pendekatan Integrated Nested Laplace Approximation (INLA),https://scholar.google.com/citations?view_op=view_citation&hl=id&user=fN-LWBEAAAAJ&pagesize=100&citation_for_view=fN-LWBEAAAAJ:4fKUyHm3Qg0C,2019,"RF Maulina, A Djuraidah, A Kurnia","Media Statistika 12 (2), 140-151, 2019"
Outlier handling of robust geographically and temporally weighted regression,https://scholar.google.com/citations?view_op=view_citation&hl=id&user=fN-LWBEAAAAJ&pagesize=100&citation_for_view=fN-LWBEAAAAJ:EUQCXRtRnyEC,2019,"G Erda, A Djuraidah","Journal of Physics: Conference Series 1175 (1), 012041, 2019"
PEMODELAN AUTOREGRESIF SPASIAL MENGGUNAKAN BAYESIAN MODEL AVERAGING UNTUK DATA PDRB JAWA,https://scholar.google.com/citations?view_op=view_citation&hl=id&user=fN-LWBEAAAAJ&cstart=100&pagesize=100&citation_for_view=fN-LWBEAAAAJ:uWQEDVKXjbEC,2019,"S Sarimah, A Djuraidah, AH Wigena","Indonesian Journal of Statistics and Its Applications 3 (3), 287-294, 2019"
Simulation Studyfor Comparison of Maximum Likelihood and Bayesian Method in Spatial Autoregressive Models with Heteroskedasticity,https://scholar.google.com/citations?view_op=view_citation&hl=id&user=fN-LWBEAAAAJ&cstart=100&pagesize=100&citation_for_view=fN-LWBEAAAAJ:BrmTIyaxlBUC,2019,"F Ramadhini, A Djuraidah, AH Wigena","ICSA 2019: Proceedings of the 1st International Conference on Statistics and …, 2019"
Generalized Spatial Three-Stage Least Square (GS3SLS) for Unemployment Rate and Economic Growth Modelling in East Java,https://scholar.google.com/citations?view_op=view_citation&hl=id&user=fN-LWBEAAAAJ&cstart=100&pagesize=100&citation_for_view=fN-LWBEAAAAJ:NhqRSupF_l8C,2019,"A Muslim, A Fitrianto, IM Sumertajaya, A Djuraidah","IOP Conference Series: Earth and Environmental Science 299 (1), 012032, 2019"
Estimation of Factors Affecting Gross Regional Domestic Product Using Geographically Weighted Panel Regression (Case Study: Gross Regional Domestic Product in Central Java 2011 …,https://scholar.google.com/citations?view_op=view_citation&hl=id&user=fN-LWBEAAAAJ&cstart=100&pagesize=100&citation_for_view=fN-LWBEAAAAJ:pyW8ca7W8N0C,2019,"A Djuraidah, UD Syafitri, LMW Handayani","International Journal of Ecological Economics & Statistics 40 (1), 86-94, 2019"
Determination of general circulation model grid resolution to improve accuracy of rainfall prediction in West Java,https://scholar.google.com/citations?view_op=view_citation&hl=id&user=fN-LWBEAAAAJ&pagesize=100&citation_for_view=fN-LWBEAAAAJ:B3FOqHPlNUQC,2019,"N Fadhli, AH Wigena, A Djuraidah","Int. J. Sci. Res. Publ 9, p91106, 2019"
Spatial Autoregressive Models with Heteroskedasticity Disturbance using Generalized Method of Moments,https://scholar.google.com/citations?view_op=view_citation&hl=id&user=fN-LWBEAAAAJ&pagesize=100&citation_for_view=fN-LWBEAAAAJ:g3aElNc5_aQC,2019,"R Anwar, A Djuraidah, AH Wigena","International Journal of Scientific and Research Publications 9 (7), 831-834, 2019"
Modelling of GRDP the Construction Sector in Java Island Using Robust Geographically and Temporally Weighted Regression (RGTWR),https://scholar.google.com/citations?view_op=view_citation&hl=id&user=fN-LWBEAAAAJ&pagesize=100&citation_for_view=fN-LWBEAAAAJ:SP6oXDckpogC,2019,"S Haryanto, MN Aidi, A Djuraidah","Repositories-Dept. of Statistics, IPB University, 165-174, 2019"
PENERAPAN METODE COKRIGING DENGAN VARIOGRAM ISOTROPI DAN ANISOTROPI DALAM MEMPREDIKSI CURAH HUJAN BULANAN JAWA BARAT,https://scholar.google.com/citations?view_op=view_citation&hl=id&user=fN-LWBEAAAAJ&pagesize=100&citation_for_view=fN-LWBEAAAAJ:1sJd4Hv_s6UC,2019,"A Djuraidah, S Rahardiantoro, A Desiwari","Jurnal Meteorologi dan Geofisika 20 (1), 39-46, 2019"
Additive bayes spatio-temporal model with INLA for west Java rainfall prediction,https://scholar.google.com/citations?view_op=view_citation&hl=id&user=fN-LWBEAAAAJ&pagesize=100&citation_for_view=fN-LWBEAAAAJ:P5F9QuxV20EC,2019,"RN Rachmawati, A Djuraidah, AH Wigena, IW Mangku","Procedia Computer Science 157, 414-419, 2019"
Robust geographically weighted regression modeling using least absolute deviation and M-estimator,https://scholar.google.com/citations?view_op=view_citation&hl=id&user=fN-LWBEAAAAJ&pagesize=100&citation_for_view=fN-LWBEAAAAJ:KxtntwgDAa4C,2019,"PP Wulandari, A Djuraidah, AH Wigena","Repositories-Dept. of Statistics, IPB University, 238-245, 2019"
Determination of General Circulation Model Domain Using LASSO to Improve Rainfall Prediction Accuracy in West Java,https://scholar.google.com/citations?view_op=view_citation&hl=id&user=fN-LWBEAAAAJ&cstart=100&pagesize=100&citation_for_view=fN-LWBEAAAAJ:UHK10RUVsp4C,2019,"N Fadhli, AH Wigena, A Djuraidah","ICSA 2019: Proceedings of the 1st International Conference on Statistics and …, 2019"
Geo-additive Models in Small Area Estimation of Poverty,https://scholar.google.com/citations?view_op=view_citation&hl=id&user=fN-LWBEAAAAJ&pagesize=100&citation_for_view=fN-LWBEAAAAJ:_xSYboBqXhAC,2019,"NH Pusponegoro, A Djuraidah, A Fitrianto, IM Sumertajaya","Journal of Data Science and Its Applications 2 (1), 11-18, 2019"
Modelling the Number of Cases of Dengue Hemorragic Fever with Mixed Geographically Negative Binomial Regression in West Java Provinc,https://scholar.google.com/citations?view_op=view_citation&hl=id&user=fN-LWBEAAAAJ&pagesize=100&citation_for_view=fN-LWBEAAAAJ:nb7KW1ujOQ8C,2019,"A Saefuddin, A Djuraidah","Repositories-Dept. of Statistics, IPB University, 71-77, 2019"
BAYESIAN QUANTILE REGRESSION MODELING TO ESTIMATE EXTREME RAINFALL IN INDRAMAYU,https://scholar.google.com/citations?view_op=view_citation&hl=id&user=fN-LWBEAAAAJ&cstart=100&pagesize=100&citation_for_view=fN-LWBEAAAAJ:eflP2zaiRacC,2019,"EP Hendri, AH Wigena, A Djuraidah","ICSA 2019: Proceedings of the 1st International Conference on Statistics and …, 2019"
Comparison of Maximum Likelihood and Generalized Method of Moments in Spatial Autoregressive Model with Heteroskedasticity,https://scholar.google.com/citations?view_op=view_citation&hl=id&user=fN-LWBEAAAAJ&pagesize=100&citation_for_view=fN-LWBEAAAAJ:8AbLer7MMksC,2019,"R Anwar, A Djuraidah, AH Wigena",N/A
Kajian Simulasi Perbandingan Interpolasi Tetangga Terdekat dan 2-Tetangga Terdekat pada Sebaran Titik Spasial,https://scholar.google.com/citations?view_op=view_citation&hl=id&user=fN-LWBEAAAAJ&cstart=100&pagesize=100&citation_for_view=fN-LWBEAAAAJ:4OULZ7Gr8RgC,2018,"RA Pratiwi, MN Aidi, A Djuraidah","Xplore: Journal of Statistics 2 (2), 58-65, 2018"
GPD threshold estimation using measure of surprise,https://scholar.google.com/citations?view_op=view_citation&hl=id&user=fN-LWBEAAAAJ&pagesize=100&citation_for_view=fN-LWBEAAAAJ:VOx2b1Wkg3QC,2018,"A Manurung, AH Wigena, A Djuraidah","International Journal of Sciences: Basic and Applied Research 45 (3), 16-25, 2018"
Identification of Extreme Rainfall Pattern Using Extremogram in West Java,https://scholar.google.com/citations?view_op=view_citation&hl=id&user=fN-LWBEAAAAJ&pagesize=100&citation_for_view=fN-LWBEAAAAJ:a0OBvERweLwC,2018,"A Rinaldi, A Djuraidah, AH Wigena, IW Mangku, D Gunawan","IOP Conference Series: Earth and Environmental Science 187 (1), 012064, 2018"
Statistical downscaling modeling through k-means clustering,https://scholar.google.com/citations?view_op=view_citation&hl=id&user=fN-LWBEAAAAJ&pagesize=100&citation_for_view=fN-LWBEAAAAJ:OU6Ihb5iCvQC,2018,"R Pitri, AM Soleh, A Djuraidah","International Journal of Scientific Research in Science, Engineering and …, 2018"
KAJIAN SIMULASI PENDUGAAN SELANG KEPERCAYAAN BOOTSTRAP BAGI ARAH MEDIAN DATA SIRKULAR,https://scholar.google.com/citations?view_op=view_citation&hl=id&user=fN-LWBEAAAAJ&cstart=100&pagesize=100&citation_for_view=fN-LWBEAAAAJ:HoB7MX3m0LUC,2018,"C Suhaeni, IM Sumertajaya, A Djuraidah","Indonesian Journal of Statistics and Its Applications 2 (1), 35-45, 2018"
Spatio-temporal Models Using R-INLA with Generalized Extreme Value Distribution in Hierarchical Bayes Regression,https://scholar.google.com/citations?view_op=view_citation&hl=id&user=fN-LWBEAAAAJ&pagesize=100&citation_for_view=fN-LWBEAAAAJ:JQOojiI6XY0C,2018,RN Rachmawati,"Universitas Pertahanan RI, 2018"
Pendugaan produktivitas padi di tingkat kecamatan menggunakan Geoadditive Small Area Model,https://scholar.google.com/citations?view_op=view_citation&hl=id&user=fN-LWBEAAAAJ&pagesize=100&citation_for_view=fN-LWBEAAAAJ:kRWSkSYxWN8C,2018,"M Ardiansyah, A Djuraidah, A Kurnia","Jurnal Penelitian Pertanian Tanaman Pangan 2 (2), 101-110, 2018"
Pemodelan Regresi Spasial Kekar: Studi Kasus Jumlah Kunjungan WIsatawan Mancanegara Asal Eurasia di Indonesia Tahun 2015,https://scholar.google.com/citations?view_op=view_citation&hl=id&user=fN-LWBEAAAAJ&cstart=100&pagesize=100&citation_for_view=fN-LWBEAAAAJ:u_35RYKgDlwC,2018,"R Cahyati, A Djuraidah, S Rahardiantoro","Xplore: Journal of Statistics 2 (1), 61-70, 2018"
Pengantar Peluang,https://scholar.google.com/citations?view_op=view_citation&hl=id&user=fN-LWBEAAAAJ&cstart=100&pagesize=100&citation_for_view=fN-LWBEAAAAJ:mvPsJ3kp5DgC,2018,"MN Aidi, A Djuraidah","PT Penerbit IPB Press, 2018"
Comparison method of spatial autoregressive probit estimation,https://scholar.google.com/citations?view_op=view_citation&hl=id&user=fN-LWBEAAAAJ&cstart=100&pagesize=100&citation_for_view=fN-LWBEAAAAJ:bFI3QPDXJZMC,2018,"F Novkaniza, A Djuraidah","8th International Conference on Industrial Engineering and Operations …, 2018"
"Pendugaan Produktivitas Bagan Perahu dengan Regresi Gulud, LASSO dan Elastic-net",https://scholar.google.com/citations?view_op=view_citation&hl=id&user=fN-LWBEAAAAJ&pagesize=100&citation_for_view=fN-LWBEAAAAJ:fPk4N6BV_jEC,2018,"R Fanny, A Djuraidah, A Alamudi","Xplore: Journal of Statistics 2 (2), 7-14, 2018"
Statistical downscaling with gamma distribution and elastic net regularization: Case study: Monthly rainfall 1981-2013 at indramayu,https://scholar.google.com/citations?view_op=view_citation&hl=id&user=fN-LWBEAAAAJ&pagesize=100&citation_for_view=fN-LWBEAAAAJ:aqlVkmm33-oC,2017,"SM Permatasari, A Djuraidah, AM Soleh","The 2nd international conference on applied statistics (icas 2016), 121-129, 2017"
Spatial extreme models with copula to determine extreme rainfall zone,https://scholar.google.com/citations?view_op=view_citation&hl=id&user=fN-LWBEAAAAJ&pagesize=100&citation_for_view=fN-LWBEAAAAJ:4DMP91E08xMC,2017,"A Rinaldi, A Djuraidah, AH Wigena, IW Mangku, D Gunawan","Applied Mathematical Sciences 11 (27), 1327-1336, 2017"
Geographically and temporally weighted regression (GTWR) for modeling economic growth using R,https://scholar.google.com/citations?view_op=view_citation&hl=id&user=fN-LWBEAAAAJ&pagesize=100&citation_for_view=fN-LWBEAAAAJ:UxriW0iASnsC,2017,"M Sholihin, AM Soleh, A Djuraidah","Repositories-Dept. of Statistics, IPB University, 800-805, 2017"
Semi-parametric geographically weighted regression modelling using linear model of coregionalization,https://scholar.google.com/citations?view_op=view_citation&hl=id&user=fN-LWBEAAAAJ&pagesize=100&citation_for_view=fN-LWBEAAAAJ:Wp0gIr-vW9MC,2017,"Z Mar’ah, A Djuraidah, AH Wigena","Int. J. Sci. Basic Appl. Res 34 (2), 178-186, 2017"
The application of modeling gamma-Pareto distributed data using GLM gamma in estimation of monthly rainfall with TRMM data,https://scholar.google.com/citations?view_op=view_citation&hl=id&user=fN-LWBEAAAAJ&pagesize=100&citation_for_view=fN-LWBEAAAAJ:HDshCWvjkbEC,2017,"H Hanum, AH Wigena, A Djuraidah, IW Mangku","Sriwijaya Journal of Environment 2 (2), 40-45, 2017"
Quantile regression with functional principal component in statistical downscaling to predict extreme rainfall,https://scholar.google.com/citations?view_op=view_citation&hl=id&user=fN-LWBEAAAAJ&pagesize=100&citation_for_view=fN-LWBEAAAAJ:k_IJM867U9cC,2017,"WJ Sari, AH Wigena, A Djuraidah","International Journal of Ecological Economics and Statistics 38 (1), 1-9, 2017"
Lasso and ridge quantile regression using cross validation to estimate extreme rainfall,https://scholar.google.com/citations?view_op=view_citation&hl=id&user=fN-LWBEAAAAJ&pagesize=100&citation_for_view=fN-LWBEAAAAJ:dhFuZR0502QC,2016,"H Zaikarina, A Djuraidah, AH Wigena","Global Journal of Pure and Applied Mathematics 12 (3), 3305-3314, 2016"
Quantile regression with elastic-net in statistical downscaling to predict extreme rainfall,https://scholar.google.com/citations?view_op=view_citation&hl=id&user=fN-LWBEAAAAJ&pagesize=100&citation_for_view=fN-LWBEAAAAJ:e5wmG9Sq2KIC,2016,"TBN Cahyani, AH Wigena, A Djuraidah","Global Journal of Pure and Applied Mathematics 12 (4), 3517-3524, 2016"
Statistical downscaling with generalized Pareto distribution (Study case: Extreme rainfall estimation),https://scholar.google.com/citations?view_op=view_citation&hl=id&user=fN-LWBEAAAAJ&cstart=100&pagesize=100&citation_for_view=fN-LWBEAAAAJ:WF5omc3nYNoC,2016,"SL Kinanti, AH Wigena, A Djuraidah","AIP Conference Proceedings 1707 (1), 2016"
Classification Analysis to Predict a Closing Price Condition of the Stock of UNVR using the Gaussian Copula Model,https://scholar.google.com/citations?view_op=view_citation&hl=id&user=fN-LWBEAAAAJ&cstart=100&pagesize=100&citation_for_view=fN-LWBEAAAAJ:ULOm3_A8WrAC,2016,"A Ikhsan, B Sartono, A Djuraidah","International Journal of Engineering and Management Research (IJEMR) 6 (5 …, 2016"
Linear regression with percentile lasso and ridge to predict rainfall,https://scholar.google.com/citations?view_op=view_citation&hl=id&user=fN-LWBEAAAAJ&pagesize=100&citation_for_view=fN-LWBEAAAAJ:qUcmZB5y_30C,2016,"M Irvan, AH Wigena, A Djuraidah","Proceeding of ICMSE 3 (1), M-56-M-62, 2016"
Estimation of percentage on malnutrition occurrences in East Java using geographically weighted regression model,https://scholar.google.com/citations?view_op=view_citation&hl=id&user=fN-LWBEAAAAJ&cstart=100&pagesize=100&citation_for_view=fN-LWBEAAAAJ:UebtZRa9Y70C,2016,"IM Hutabarat, A Saefuddin, H Hardinsyah, A Djuraidah","Makara Journal of Health Research 19 (3), 2, 2016"
Vector generalized additive models for extreme rainfall data analysis (study case rainfall data in Indramayu),https://scholar.google.com/citations?view_op=view_citation&hl=id&user=fN-LWBEAAAAJ&pagesize=100&citation_for_view=fN-LWBEAAAAJ:RGFaLdJalmkC,2016,"EPN Utami, AH Wigena, A Djuraidah","AIP Conference Proceedings 1707 (1), 2016"
Statistical downscaling modeling with quantile regression using lasso to estimate extreme rainfall,https://scholar.google.com/citations?view_op=view_citation&hl=id&user=fN-LWBEAAAAJ&pagesize=100&citation_for_view=fN-LWBEAAAAJ:hFOr9nPyWt4C,2016,"D Santri, AH Wigena, A Djuraidah","AIP Conference Proceedings 1707 (1), 2016"
Modeling gamma-pareto distributed data using GLM gamma,https://scholar.google.com/citations?view_op=view_citation&hl=id&user=fN-LWBEAAAAJ&pagesize=100&citation_for_view=fN-LWBEAAAAJ:mB3voiENLucC,2016,"H Hanum, AH Wigena, A Djuraidah, IW Mangku","Global Journal of Pure and Applied Mathematics 12 (4), 3569-3575, 2016"
Gamma distribution linear modeling with statistical downscaling to predict extreme monthly rainfall in Indramayu,https://scholar.google.com/citations?view_op=view_citation&hl=id&user=fN-LWBEAAAAJ&pagesize=100&citation_for_view=fN-LWBEAAAAJ:ufrVoPGSRksC,2016,"AM Soleh, AH Wigena, A Djuraidah, A Saefuddin","2016 12th International conference on mathematics, statistics, and their …, 2016"
Developing generalized linear model of Gamma-Pareto Distribution,https://scholar.google.com/citations?view_op=view_citation&hl=id&user=fN-LWBEAAAAJ&pagesize=100&citation_for_view=fN-LWBEAAAAJ:BqipwSGYUEgC,2016,"H Hanum, AH Wigena, A Djuraidah, IW Mangku","Far East Math Sci J, 2016"
Return level value modeling of rainfall and GCM for extreme rainfall prediction in indramayu regency,https://scholar.google.com/citations?view_op=view_citation&hl=id&user=fN-LWBEAAAAJ&cstart=100&pagesize=100&citation_for_view=fN-LWBEAAAAJ:9yKSN-GCB0IC,2016,"TF Saumi, AH Wigena, A Djuraidah","Global Journal of Pure Applied Mathematics 12 (1), 1151-1159, 2016"
Gamma response regression with percentile lasso and ridge to estimate extreme rainfall,https://scholar.google.com/citations?view_op=view_citation&hl=id&user=fN-LWBEAAAAJ&pagesize=100&citation_for_view=fN-LWBEAAAAJ:JV2RwH3_ST0C,2016,"I Ali, A Djuraidah, AM Soleh","Proceeding of ICMSE 3 (1), M-44-M-49, 2016"
GEOGRAPHICALLY WEIGHTED REGRESSION (GWR) INCLUDED THE DATA CONTAINING MULTICOLLINEARITY,https://scholar.google.com/citations?view_op=view_citation&hl=id&user=fN-LWBEAAAAJ&cstart=100&pagesize=100&citation_for_view=fN-LWBEAAAAJ:RHpTSmoSYBkC,2015,"I Yulita, A Djuraidah, AH Wigena","Forum Statistika dan Komputasi 20 (2), 2015"
Spatial Autoregressive Quantile Regression Modelling for Gross Domestic Regional Product Data (Case: 113 Districts/Cities in Java in 2010),https://scholar.google.com/citations?view_op=view_citation&hl=id&user=fN-LWBEAAAAJ&cstart=100&pagesize=100&citation_for_view=fN-LWBEAAAAJ:uc_IGeMz5qoC,2015,"A Febriyanti, A Djuraidah, AH Wigena","Global Journal of Pure and Applied Mathematics 11 (4), 2255-2264, 2015"
Statistical downscaling to predict monthly rainfall using linear regression with L1 regularization (LASSO),https://scholar.google.com/citations?view_op=view_citation&hl=id&user=fN-LWBEAAAAJ&pagesize=100&citation_for_view=fN-LWBEAAAAJ:Y0pCki6q_DkC,2015,"AM Soleh, AH Wigena, A Djuraidah, A Saefuddin","Applied Mathematical Sciences 9 (108), 5361-5369, 2015"
Quantile regression with partial least squares in statistical downscaling for estimation of extreme rainfall,https://scholar.google.com/citations?view_op=view_citation&hl=id&user=fN-LWBEAAAAJ&pagesize=100&citation_for_view=fN-LWBEAAAAJ:d1gkVwhDpl0C,2015,"ER Matulessy, AH Wigena, A Djuraidah","Applied Mathematical Sciences 9 (90), 4489-4498, 2015"
PENGEMBANGAN METODE KOMPUTASI STATISTIK PADA MODEL LINIER NILAI EKSTRIM DENGAN REGULARISASI L1 DAN L2,https://scholar.google.com/citations?view_op=view_citation&hl=id&user=fN-LWBEAAAAJ&cstart=100&pagesize=100&citation_for_view=fN-LWBEAAAAJ:IWHjjKOFINEC,2015,"AH Wigena, A Djuraidah, AM Soleh","Prosiding Seminar Hasil-Hasil PPM IPB 1, 15-25, 2015"
Pemodelan Statistical Downscaling untuk Menduga Curah Hujan Bulanan Menggunakan Model Linier Terampat Sebaran Gamma,https://scholar.google.com/citations?view_op=view_citation&hl=id&user=fN-LWBEAAAAJ&pagesize=100&citation_for_view=fN-LWBEAAAAJ:_FxGoFyzp5QC,2015,"AM Soleh, AH Wigena, A Djuraidah, A Saefuddin","Jurnal Informatika Pertanian 24 (2), 215â, 2015"
Semiparametric modeling in statistical downscaling to predict rainfall,https://scholar.google.com/citations?view_op=view_citation&hl=id&user=fN-LWBEAAAAJ&pagesize=100&citation_for_view=fN-LWBEAAAAJ:YFjsv_pBGBYC,2015,"AH Wigena, A Djuraidah, A Rizki","Applied Mathematical Sciences 9 (88), 4371-4382, 2015"
Quantile Spline Regression on Statistical Downscaling Model to Predict Extreme Rainfall in Indramayu,https://scholar.google.com/citations?view_op=view_citation&hl=id&user=fN-LWBEAAAAJ&pagesize=100&citation_for_view=fN-LWBEAAAAJ:NaGl4SEjCO4C,2015,"NE Goldameir, A Djuraidah, AH Wigena","Applied Mathematical Sciences 9 (126), 6263-6272, 2015"
Modeling of Malaria Prevalence in Indonesia with Geographically Weighted Regression,https://scholar.google.com/citations?view_op=view_citation&hl=id&user=fN-LWBEAAAAJ&cstart=100&pagesize=100&citation_for_view=fN-LWBEAAAAJ:hqOjcs7Dif8C,2015,"I Miranti, A Djuraidah, I Indahwati","Kes Mas: Jurnal Fakultas Kesehatan Masyarakat Universitas Ahmad Daulan 9 (2 …, 2015"
Application of principal component regression with dummy variable in statistical downscaling to forecast rainfall,https://scholar.google.com/citations?view_op=view_citation&hl=id&user=fN-LWBEAAAAJ&pagesize=100&citation_for_view=fN-LWBEAAAAJ:_kc_bZDykSQC,2014,"S Sahriman, A Djuraidah, AH Wigena","Open Journal of Statistics 4 (9), 678-686, 2014"
Penerapan Regresi Spasial Terhadap Kasus Diare di Provinsi Jawa Barat Tahun 2014,https://scholar.google.com/citations?view_op=view_citation&hl=id&user=fN-LWBEAAAAJ&pagesize=100&citation_for_view=fN-LWBEAAAAJ:ZuybSZzF8UAC,2014,AN Sheila,"IPB (Bogor Agricultural University), 2014"
Statistical Downscalling with Additive Model for Rainfall Prediction,https://scholar.google.com/citations?view_op=view_citation&hl=id&user=fN-LWBEAAAAJ&cstart=100&pagesize=100&citation_for_view=fN-LWBEAAAAJ:QIV2ME_5wuYC,2014,"D Yunitasari, A Djuraidah, AH Wigena","Statistics and Mathematics, 90, 2014"
Quantile regression in statistical downscaling to estimate extreme monthly rainfall,https://scholar.google.com/citations?view_op=view_citation&hl=id&user=fN-LWBEAAAAJ&pagesize=100&citation_for_view=fN-LWBEAAAAJ:Tyk-4Ss8FVUC,2014,"AH Wigena, A Djuraidah","Science Journal of Applied Mathematics and Statistics 2 (3), 66-70, 2014"
Ensemble Two Return Levels of Generalized Pareto and Modified Champernowne Distributions using Linear Regression,https://scholar.google.com/citations?view_op=view_citation&hl=id&user=fN-LWBEAAAAJ&cstart=100&pagesize=100&citation_for_view=fN-LWBEAAAAJ:ZeXyd9-uunAC,2014,"AH Wigena, A Djuraidah, IW Mangku","Advances and Applications in Statistics 40 (2), 157-167, 2014"
Statistical downscaling with generalized additive model for extreme rainfall estimation,https://scholar.google.com/citations?view_op=view_citation&hl=id&user=fN-LWBEAAAAJ&pagesize=100&citation_for_view=fN-LWBEAAAAJ:4TOpqqG69KYC,2014,"L Handayani, AH Wigena, A Djuraidah","IOSR Journal of Mathematics 3 (3), 21-25, 2014"
Model Spasial Bayes Dalam Pendugaan Area Kecil Dengan Peubah Respon Biner,https://scholar.google.com/citations?view_op=view_citation&hl=id&user=fN-LWBEAAAAJ&pagesize=100&citation_for_view=fN-LWBEAAAAJ:u5HHmVD_uO8C,2013,"E Sunandi, KA Notodiputro, A Djuraidah","Prosiding SEMIRATA 2013 1 (1), 2013"
Estimating the Parameters Geographically Weighted Regression (GWR) with Measurement Error,https://scholar.google.com/citations?view_op=view_citation&hl=id&user=fN-LWBEAAAAJ&pagesize=100&citation_for_view=fN-LWBEAAAAJ:5nxA0vEk-isC,2013,"IM Hutabarat, A Saefuddin, A Djuraidah, IW Mangku","Open Journal of Statistics 3 (6), 417-421, 2013"
Identifikasi Karakteristik Lulusan Kelompok Program Studi Magister IPB Berdasarkan Keberhasilan Studi Mahasiswa,https://scholar.google.com/citations?view_op=view_citation&hl=id&user=fN-LWBEAAAAJ&cstart=100&pagesize=100&citation_for_view=fN-LWBEAAAAJ:pqnbT2bcN3wC,2013,Y Primanda,N/A
PENDEKATAN KUADRAT TERKECIL PARSIAL KEKAR UNTUK PENANGANAN PENCILAN PADA DATA KALIBRASI,https://scholar.google.com/citations?view_op=view_citation&hl=id&user=fN-LWBEAAAAJ&cstart=100&pagesize=100&citation_for_view=fN-LWBEAAAAJ:4JMBOYKVnBMC,2013,"EK Sinaga, A Djuraidah, AH Wigena","Forum Statistika dan Komputasi 18 (1), 2013"
Geographically Weighted Regression Modeling on Cases of Malnutrition in East Java Province,https://scholar.google.com/citations?view_op=view_citation&hl=id&user=fN-LWBEAAAAJ&pagesize=100&citation_for_view=fN-LWBEAAAAJ:kzcrU_BdoSEC,2013,"IM Hutabarat, A Saefuddin, H Hardinsyah, A Djuraidah, IW Mangku","E-Prosiding Internasional| Departemen Statistika FMIPA Universitas …, 2013"
Model Additive-Vector Autoregressive Exogenous untuk Prediksi Curah Hujan di Kabupaten Indramayu,https://scholar.google.com/citations?view_op=view_citation&hl=id&user=fN-LWBEAAAAJ&pagesize=100&citation_for_view=fN-LWBEAAAAJ:u-x6o8ySG0sC,2013,"DRS Saputro, AN Mattjik, R Boer, AH Wigena, A Djuraidah","Bionatura 15 (2), 2013"
Regression for Exploring Rainfall Pattern in Indramayu Regency,https://scholar.google.com/citations?view_op=view_citation&hl=id&user=fN-LWBEAAAAJ&cstart=100&pagesize=100&citation_for_view=fN-LWBEAAAAJ:vV6vV6tmYwMC,2012,"A Djuraidah, AH Wigena","Jurnal Ilmu Dasar 12 (1), 50-56, 2012"
Regresi Spasial untuk Menentuan Faktorfaktor Kemiskinan di Provinsi Jawa Timur,https://scholar.google.com/citations?view_op=view_citation&hl=id&user=fN-LWBEAAAAJ&pagesize=100&citation_for_view=fN-LWBEAAAAJ:8k81kl-MbHgC,2012,"A Djuraidah, AH Wigena","Statistika 12 (1), 2012"
PENDUGAAN SELANG KEPERCAYAAN BOOTSTRAP BAGI ARAH RATA-RATA DATA SIRKULAR (Bootstrap Confidence Interval Estimation of Mean Direction for Circular Data),https://scholar.google.com/citations?view_op=view_citation&hl=id&user=fN-LWBEAAAAJ&cstart=100&pagesize=100&citation_for_view=fN-LWBEAAAAJ:qjMakFHDy7sC,2012,"C Suhaeni, IM Sumertajaya, A Djuraidah","Forum Statistika dan Komputasi 17 (2), 2012"
MODEL REGRESI BINOMIAL NEGATIF TERBOBOTI GEOGRAFIS UNTUK DATA KEMATIAN BAYI (Studi Kasus 38 Kabupaten/Kota di Jawa Timur)(Geographically Weighted Negative Binomial Regression …,https://scholar.google.com/citations?view_op=view_citation&hl=id&user=fN-LWBEAAAAJ&pagesize=100&citation_for_view=fN-LWBEAAAAJ:J_g5lzvAfSwC,2012,"LE Afri, A Djuraidah","Forum Statistika dan Komputasi 17 (2), 2012"
Analisis Risiko Operasional Bank XXX dengan Metode Teori Nilai Ekstrim,https://scholar.google.com/citations?view_op=view_citation&hl=id&user=fN-LWBEAAAAJ&pagesize=100&citation_for_view=fN-LWBEAAAAJ:iH-uZ7U-co4C,2011,"A Djuraidah, P Silvianti, A Yaman","Statistika 11 (2), 2011"
Pewilayahan Curah Hujan Di Kabupaten Indramayu Dengan Metode Gerombol (Berdasarkan Data Median Tahun 1980–2000),https://scholar.google.com/citations?view_op=view_citation&hl=id&user=fN-LWBEAAAAJ&pagesize=100&citation_for_view=fN-LWBEAAAAJ:bEWYMUwI8FkC,2011,"DRS Saputro, AA Mattjik, R Boer, AH Wigena, A Djuraidah","Universitas Negeri Yogyakarta, Yogyakarta, 2011"
Model spasial Bayes dalam pendugaan area kecil dengan peubah respon biner (kasus: pendugaan proporsi keluarga miskin di Kabupaten Jember Jawa Timur),https://scholar.google.com/citations?view_op=view_citation&hl=id&user=fN-LWBEAAAAJ&pagesize=100&citation_for_view=fN-LWBEAAAAJ:j3f4tGmQtD8C,2011,E Sunandi,"IPB University, 2011"
Analisis Geographically Weighted Regression (GWR) dengan Pembobot Kernel Gaussian untuk Data Kemiskinan,https://scholar.google.com/citations?view_op=view_citation&hl=id&user=fN-LWBEAAAAJ&pagesize=100&citation_for_view=fN-LWBEAAAAJ:O3NaXMp0MMsC,2011,"R Rahmawati, A Djuraidah","Prosiding Seminar Nasional Statistika Universitas Diponegoro, 326-322, 2011"
penduga data tidak lengkap curah hujan di kabupaten indramayu (berdasarkan data tahun 1980-2000),https://scholar.google.com/citations?view_op=view_citation&hl=id&user=fN-LWBEAAAAJ&pagesize=100&citation_for_view=fN-LWBEAAAAJ:MLfJN-KU85MC,2011,"D Saputro, AA Mattjik, R Boer, AH Wigena, A Djuraidah","Prosiding Seminar Nasional Statistika Universita Diponegoro 2011, 1-13, 2011"
Model Regresi Poisson dan Model Spasial Otoregresif Poisson untuk Mendeteksi Faktor-Faktor yang Berpengaruh terhadap Jumlah Penderita Gizi Buruk di Provinsi Jawa Timur,https://scholar.google.com/citations?view_op=view_citation&hl=id&user=fN-LWBEAAAAJ&cstart=100&pagesize=100&citation_for_view=fN-LWBEAAAAJ:NJ774b8OgUMC,2011,"SR Rohimah, M Nuraidi, A Djuraidah","E-Prosiding Seminar Nasional Statistika| Departemen Statistika FMIPA …, 2011"
MODEL VEKTOR AUTOREGRESSIVE UNTUK PERAMALAN CURAH HUJAN DI INDRAMAYU (Vector Autoregressive Model for Forecast Rainfall In Indramayu),https://scholar.google.com/citations?view_op=view_citation&hl=id&user=fN-LWBEAAAAJ&pagesize=100&citation_for_view=fN-LWBEAAAAJ:W7OEmFMy1HYC,2011,"DRS Saputro, AH Wigena, A Djuraidah","Forum Statistika dan Komputasi 16 (2), 2011"
PENDUGAAN DATA TIDAK LENGKAP CURAH HUJAN DI KABUPATEN INDRAMAYU DENGAN KRIGING & RATA-RATA BERGERAK (MOVING AVERAGE)(BERDASARKAN DATA TAHUN 1980 â 2000),https://scholar.google.com/citations?view_op=view_citation&hl=id&user=fN-LWBEAAAAJ&pagesize=100&citation_for_view=fN-LWBEAAAAJ:-f6ydRqryjwC,2011,"DRS Saputro, AA Mattjik, R Boer, AH Wigena, A Djuraidah","Prosiding Seminar Nasional Statistika Universitas Diponegoro 2011, 171-182, 2011"
"Penggunaan Geographically Weighted Regression (GWR) dengan Pembobot Gauss Kernel untuk Klasifikasi Desa Miskin (Studi Kasus Desa-desa di Kabupaten Jember, Jawa Timur)",https://scholar.google.com/citations?view_op=view_citation&hl=id&user=fN-LWBEAAAAJ&cstart=100&pagesize=100&citation_for_view=fN-LWBEAAAAJ:UeHWp8X0CEIC,2010,"R Rahmawati, A Djuraidah, MN Aidi","Prosiding Seminar Nasional Matematika 5, 43-48, 2010"
Regresi Terboboti Geografis dengan Pembobot Kernel Kuadrat Ganda untuk Data Kemiskinan di Kabupaten Jember,https://scholar.google.com/citations?view_op=view_citation&hl=id&user=fN-LWBEAAAAJ&pagesize=100&citation_for_view=fN-LWBEAAAAJ:L8Ckcad2t8MC,2010,"R Rahmawati, A Djuraidah","Forum Statistika dan Komputasi 15 (2), 2010"
"Based on the six indicators provided by the State Ministry for Acceleration Development Backward Regions, the backward regions were clustered into 4 groups: fairly backward …",https://scholar.google.com/citations?view_op=view_citation&hl=id&user=fN-LWBEAAAAJ&cstart=100&pagesize=100&citation_for_view=fN-LWBEAAAAJ:M3NEmzRMIkIC,2010,"T Agustin, A Djuraidah","Forum Statistika dan Komputasi 15 (1), 2010"
Penggerombolan daerah tertinggal di indonesia dengan fuzzy k-rataan,https://scholar.google.com/citations?view_op=view_citation&hl=id&user=fN-LWBEAAAAJ&pagesize=100&citation_for_view=fN-LWBEAAAAJ:eJXPG6dFmWUC,2010,"T Agustin, A Djuraidah, JEIIS Thaha, S Jambi","Forum Stat. dan Komputasi 15 (1), 22-27, 2010"
Aplikasi model kalibrasi di bidang kimia adalah pemodelan hubungan antara kandungan senyawa aktif yang ditentukan dari High Performance Liquid Chromatography (HPLC) dengan …,https://scholar.google.com/citations?view_op=view_citation&hl=id&user=fN-LWBEAAAAJ&cstart=100&pagesize=100&citation_for_view=fN-LWBEAAAAJ:_Qo2XoVZTnwC,2009,"AH Wigena, A Djuraidah","Forum Statistika dan Komputasi 14 (1), 2009"
Pendugaan Regesi Semiparametrik Dengan Pendekatan Model Campuran Linear,https://scholar.google.com/citations?view_op=view_citation&hl=id&user=fN-LWBEAAAAJ&cstart=100&pagesize=100&citation_for_view=fN-LWBEAAAAJ:LkGwnXOMwfcC,2009,A Djuraidah,"Forum Statistika dan Komputasi 14 (2), 2009"
Pendekatan regresi kuadrat terkecil partial robust dalam model kalibrasi,https://scholar.google.com/citations?view_op=view_citation&hl=id&user=fN-LWBEAAAAJ&pagesize=100&citation_for_view=fN-LWBEAAAAJ:AXPGKjj_ei8C,2009,DS FMIPA-IPB,"Forum Statistika dan Komputasi, 34-41, 2009"
Indeks kerentanan sosial ekonomi untuk bencana alam di wilayah Indonesia,https://scholar.google.com/citations?view_op=view_citation&hl=id&user=fN-LWBEAAAAJ&pagesize=100&citation_for_view=fN-LWBEAAAAJ:GnPB-g6toBAC,2009,"A Djuraidah, DS FMIPA-IPB","Seminar Nasional Matematika Dan Pendidikan Matematika, 978-979, 2009"
Regresi Kuantil untuk Eksplorasi Pola Curah Hujan di Kabupaten Indramayu Regression for Exploring Rainfall Pattern in Indramayu Regency,https://scholar.google.com/citations?view_op=view_citation&hl=id&user=fN-LWBEAAAAJ&pagesize=100&citation_for_view=fN-LWBEAAAAJ:zYLM7Y9cAGgC,2009,"A Djuraidah, AH Wigena","J. Ilmu dasar 12, 50-56, 2009"
Evaluasi status ketertinggalan daerah dengan analisis diskriminan,https://scholar.google.com/citations?view_op=view_citation&hl=id&user=fN-LWBEAAAAJ&pagesize=100&citation_for_view=fN-LWBEAAAAJ:PELIpwtuRlgC,2009,A Djuraidah,"FMIPA Jurusan Pendidikan Matematika UN Yogyakarta, 2009"
Penggunaan Jaringan Syaraf Tiruan Untuk Pendugaan Model Linear Terampat Dengan Koefisien Keragaman Konstan,https://scholar.google.com/citations?view_op=view_citation&hl=id&user=fN-LWBEAAAAJ&cstart=100&pagesize=100&citation_for_view=fN-LWBEAAAAJ:qxL8FJ1GzNcC,2008,A Djuraidah,"Forum Statistika dan Komputasi 13 (1), 2008"
Keunggulan Pendugaan Model Aditif dengan Pendekatan Model Linear Campuran Dibanding dengan Algoritma Backfitting,https://scholar.google.com/citations?view_op=view_citation&hl=id&user=fN-LWBEAAAAJ&cstart=100&pagesize=100&citation_for_view=fN-LWBEAAAAJ:blknAaTinKkC,2008,A Djuraidah,"Statistika 8 (1), 2008"
Pendugaan Parameter Regresi Logistik Dengan Jaringan Syaraf Tiruan,https://scholar.google.com/citations?view_op=view_citation&hl=id&user=fN-LWBEAAAAJ&cstart=100&pagesize=100&citation_for_view=fN-LWBEAAAAJ:mVmsd5A6BfQC,2007,A Djuraidah,"PYTHAGORAS: Jurnal Matematika dan Pendidikan Matematika 3 (1), 51-62, 2007"
Model Aditif Spatio Temporal untuk Pencemar Udara PM10 dan Ozon di Kota Surabaya dengan Pendekatan Model Linear Campuran,https://scholar.google.com/citations?view_op=view_citation&hl=id&user=fN-LWBEAAAAJ&pagesize=100&citation_for_view=fN-LWBEAAAAJ:NMxIlDl6LWMC,2007,A Djuraidah,"IPB (Bogor Agricultural University), 2007"
Pendugaan Regresi Spline Terpenalti dengan Pendekatan Model Linear Campuran,https://scholar.google.com/citations?view_op=view_citation&hl=id&user=fN-LWBEAAAAJ&cstart=100&pagesize=100&citation_for_view=fN-LWBEAAAAJ:hC7cP41nSMkC,2006,"A Djuraidah, A Aunuddin","Statistika 6 (1), 2006"
Optimasi Penentuan Lokasi Stasiun Pemantau Kualitas Udara Ambien Di Kota Surabaya,https://scholar.google.com/citations?view_op=view_citation&hl=id&user=fN-LWBEAAAAJ&pagesize=100&citation_for_view=fN-LWBEAAAAJ:0EnyYjriUFMC,2006,A Djuraidah,"Forum Statistika dan Komputasi 11 (2), 2006"
Penerapan Model Nonlinear Pls Dengan Jaringan Sy Araf Tiruan Dalam Kalibrasi,https://scholar.google.com/citations?view_op=view_citation&hl=id&user=fN-LWBEAAAAJ&pagesize=100&citation_for_view=fN-LWBEAAAAJ:hMod-77fHWUC,2003,A Djuraidah,"Jurusan Matematika FMIP A Universitas]'legeri Jakarta, 2003"
sejarah perkembangan statistika dan aplikasinya,https://scholar.google.com/citations?view_op=view_citation&hl=id&user=fN-LWBEAAAAJ&pagesize=100&citation_for_view=fN-LWBEAAAAJ:r0BpntZqJG4C,2003,"S Sunaryo, S Setiawan, A Djuraidah, A Saefuddin","Forum Statistika Dan Komputasi 8 (1), 2003"
Simulasi analisis gerombol dengan pendekatan penguraian sebaran campuran normal ganda pada data MSS LANDSAT,https://scholar.google.com/citations?view_op=view_citation&hl=id&user=fN-LWBEAAAAJ&pagesize=100&citation_for_view=fN-LWBEAAAAJ:7PzlFSSx8tAC,1991,A Djuraidah,"IPB (Bogor Agricultural University), 1991"
Analisis Diskriminan Kernel Untuk Pengelompokkan Warna,https://scholar.google.com/citations?view_op=view_citation&hl=id&user=fN-LWBEAAAAJ&cstart=100&pagesize=100&citation_for_view=fN-LWBEAAAAJ:BwyfMAYsbu0C,,A Djuraidah,"Forum Statistika dan Komputasi, 0"
Pewilayahan Curah Hujan Di Kabupaten Indramayu Dengan Metode Gerombol (Berdasarkan Data Median Tahun 1980-2000),https://scholar.google.com/citations?view_op=view_citation&hl=id&user=fN-LWBEAAAAJ&cstart=100&pagesize=100&citation_for_view=fN-LWBEAAAAJ:vbGhcppDl1QC,,A Djuraidah,"FMIPA UN Yogyakarta, 0"
Pendugaan Model Aditif untuk Data Deret Waktu dengan Pendekatan Model Linear Campuran,https://scholar.google.com/citations?view_op=view_citation&hl=id&user=fN-LWBEAAAAJ&cstart=100&pagesize=100&citation_for_view=fN-LWBEAAAAJ:p__nRnzSRKYC,,A Djuraidah,"Fakultas Matematika dan llmu Pengetahuan Alam Institut Teknologi Sepuluh …, 0"
Estimation of Spatio-Temporal Additive Model Using Mixed Model Approach with Application to Ozone Data in Surabaya City,https://scholar.google.com/citations?view_op=view_citation&hl=id&user=fN-LWBEAAAAJ&cstart=100&pagesize=100&citation_for_view=fN-LWBEAAAAJ:ML0RJ9NH7IQC,,A Djuraidah,"Moslem Statisticians and Mathematicians Society in South East Asia (MSMSSEA), 0"
Pemodelan Conditional Autoregressive dengan Matriks Pembobot Ketetanggaan sampai Orde Dua (Studi Kasus: Penyakit Malaria di Papua).,https://scholar.google.com/citations?view_op=view_citation&hl=id&user=fN-LWBEAAAAJ&cstart=100&pagesize=100&citation_for_view=fN-LWBEAAAAJ:EYYDruWGBe4C,,"MN Aidi, A Djuraidah","Bogor Agricultural University (IPB), 0"
Pemodelan Autoregresif Spasial Menggunakan Bayesian Model Averaging untuk Data PDRB Jawa,https://scholar.google.com/citations?view_op=view_citation&hl=id&user=fN-LWBEAAAAJ&cstart=100&pagesize=100&citation_for_view=fN-LWBEAAAAJ:4MWp96NkSFoC,,"A Djuraidah, AH Wigena",N/A
Regresi Kuantil Spline Untuk Pemodelan Nilai Ekstrem Pada Pencemar Udara Pm10 Di Kota Surabaya,https://scholar.google.com/citations?view_op=view_citation&hl=id&user=fN-LWBEAAAAJ&cstart=100&pagesize=100&citation_for_view=fN-LWBEAAAAJ:TQgYirikUcIC,,A Djuraidah,"Institut Teknologi Sepuluh Nopember, 0"
Bayesian Geographically Weighted Regression Model for Poverty Data (Case of 35 Villages in Jember Regency).,https://scholar.google.com/citations?view_op=view_citation&hl=id&user=fN-LWBEAAAAJ&cstart=100&pagesize=100&citation_for_view=fN-LWBEAAAAJ:Z5m8FVwuT1cC,,"AH Wigena, A Djuraidah",N/A
Kriging Dan Thin-Plate Spline Dengan Pendeka Tan Model Linear Campuran,https://scholar.google.com/citations?view_op=view_citation&hl=id&user=fN-LWBEAAAAJ&cstart=100&pagesize=100&citation_for_view=fN-LWBEAAAAJ:BUYA1_V_uYcC,,A Djuraidah,"Jurnal Matematika Integratif, 0"
Simulation Study for Comparison of Maximum Likelihood and Bayesian Method in Spatial Autoregressive Models with Heteroskedasticity,https://scholar.google.com/citations?view_op=view_citation&hl=id&user=fN-LWBEAAAAJ&cstart=100&pagesize=100&citation_for_view=fN-LWBEAAAAJ:AvfA0Oy_GE0C,,"F Ramadhini, A Djuraidah, AH Wigena",N/A
Identifikasi Gugus Fungsi Terhadap Aktivitas Antioksidan Kandungan Sembung Menggunakan Regresi Lasso dan Group Lasso,https://scholar.google.com/citations?view_op=view_citation&hl=id&user=fN-LWBEAAAAJ&cstart=100&pagesize=100&citation_for_view=fN-LWBEAAAAJ:ILKRHgRFtOwC,,"FM Afendi, A Djuraidah","IPB University, 0"
Pendekatan Geographically Weighted Zero Inflated Poisson Regression (Gwzipr) dengan Pembobot Fixed Bisquare Kernel pada Kasus Difteri di Indonesia,https://scholar.google.com/citations?view_op=view_citation&hl=id&user=fN-LWBEAAAAJ&cstart=100&pagesize=100&citation_for_view=fN-LWBEAAAAJ:5Ul4iDaHHb8C,,"I Ismah, IM Sumertajaya, A Djuraidah, A Fitrianto","Barekeng 14 (1), 39-46, 0"
Estimation of Linear Regression Models with L1 Penalty (LASSO) using Iterative Approach and Its Implementation on Statistical Downscaling Models,https://scholar.google.com/citations?view_op=view_citation&hl=id&user=fN-LWBEAAAAJ&cstart=100&pagesize=100&citation_for_view=fN-LWBEAAAAJ:isC4tDSrTZIC,,"AM Soleh, A Salim, AH Wigena, A Saefuddin, A Djuraidah",N/A
Pendugaan Data Tidak Lengkap Curah Hujan Di Kabupaten Indramayu Dengan Kringing & Rata-rata Bergerak (Moving Average) Berdasarkan Data Tahun 1980-2000,https://scholar.google.com/citations?view_op=view_citation&hl=id&user=fN-LWBEAAAAJ&cstart=100&pagesize=100&citation_for_view=fN-LWBEAAAAJ:L7CI7m0gUJcC,,A Djuraidah,"FMIPA Program Studi Statistika UNDIP, 0"
Geographically and Temporally Weighted Autoregressive to Modeling the Levels of Poverty Population in Java in,https://scholar.google.com/citations?view_op=view_citation&hl=id&user=fN-LWBEAAAAJ&cstart=100&pagesize=100&citation_for_view=fN-LWBEAAAAJ:M7yex6snE4oC,,"H Djalihu, A Djuraidah, AM Soleh",N/A
Regression for Exploring Rainfall Pallem in Indramayu Regency,https://scholar.google.com/citations?view_op=view_citation&hl=id&user=fN-LWBEAAAAJ&cstart=100&pagesize=100&citation_for_view=fN-LWBEAAAAJ:hMsQuOkrut0C,,"A Djuraidah, AH Wigena","Fakultas Matematika dan limu Pengetahuan Alam, Universitas Jember, 0"
Extreme Rainfall Prediction Using Bayesian Binary Quantile Regression,https://scholar.google.com/citations?view_op=view_citation&hl=id&user=fN-LWBEAAAAJ&cstart=100&pagesize=100&citation_for_view=fN-LWBEAAAAJ:gsN89kCJA0AC,,"PM Fadilah, AH Wigena, A Djuraidah",N/A
Pemisahan model campuran normalganda homoskedastik dengan menggunakan metode kemungkinan maksimum,https://scholar.google.com/citations?view_op=view_citation&hl=id&user=fN-LWBEAAAAJ&cstart=100&pagesize=100&citation_for_view=fN-LWBEAAAAJ:lmc2jWPfTJgC,,"A Rambe, A Djuraidah","IPB University, 0"
Analisis Gerombol Untuk Menyeleksi Galur Jagung (Zea mays L.) Hibrida Hasil Silang Puncak,https://scholar.google.com/citations?view_op=view_citation&hl=id&user=fN-LWBEAAAAJ&cstart=100&pagesize=100&citation_for_view=fN-LWBEAAAAJ:VaXvl8Fpj5cC,,A Djuraidah,"IPB University, 0"
"Suatu tinjauan pengendalian mutu statistis pada karakteristik mutu benih padi di perum sang hyang seri, Sukamandi Subang Jawa Barat",https://scholar.google.com/citations?view_op=view_citation&hl=id&user=fN-LWBEAAAAJ&cstart=100&pagesize=100&citation_for_view=fN-LWBEAAAAJ:k8Z6L05lTy4C,,"KMU Hasibuan, A Djuraidah","IPB University, 0"
Statistical Downscaling Using Kernel Quantile Regression to Predict Extreme Rainfall,https://scholar.google.com/citations?view_op=view_citation&hl=id&user=fN-LWBEAAAAJ&cstart=100&pagesize=100&citation_for_view=fN-LWBEAAAAJ:LPZeul_q3PIC,,"AE Mulyati, AH Wigena, A Djuraidah",N/A
STACKING ENSEMBLE APPROACH IN STATISTICAL DOWNSCALING USING CMIP6-DCPP FOR RAINFALL ESTIMATION IN RIAU,https://scholar.google.com/citations?view_op=view_citation&hl=id&user=fN-LWBEAAAAJ&cstart=100&pagesize=100&citation_for_view=fN-LWBEAAAAJ:PoWvk5oyLR8C,,"D Al Mahkya, A Djuraidah, AH Wigena, B Sartono","MEDIA STATISTIKA 17 (1), 1-12, 0"
PROFILE ANALYSIS OF UNMET NEED FOR FAMILY PLANNING INDICATORS USING SDKI AND SUSENAS DATA.,https://scholar.google.com/citations?view_op=view_citation&hl=id&user=fN-LWBEAAAAJ&cstart=100&pagesize=100&citation_for_view=fN-LWBEAAAAJ:xtoqd-5pKcoC,,"DN Agustina, A Kurnia, A Djuraidah",N/A
Faktor-Faktor yang Memengaruhi Prevalensi Stunting di Indonesia Menggunakan Geographically Weighted Regression Lasso,https://scholar.google.com/citations?view_op=view_citation&hl=id&user=fN-LWBEAAAAJ&cstart=100&pagesize=100&citation_for_view=fN-LWBEAAAAJ:HbR8gkJAVGIC,,"A Djuraidah, GA Dito","IPB University, 0"
Analisis Data Produk Domestik Regional Bruto Pulau Jawa Menggunakan Pendekatan Regresi Kuantil Spasial,https://scholar.google.com/citations?view_op=view_citation&hl=id&user=fN-LWBEAAAAJ&cstart=100&pagesize=100&citation_for_view=fN-LWBEAAAAJ:q3CdL3IzO_QC,,"A Saefuddin, A Djuraidah",N/A
Aunuddin (2006). Pendugaan Regresi Spline Terpenalti dengan Pendekatan Model Linear Campuran,https://scholar.google.com/citations?view_op=view_citation&hl=id&user=fN-LWBEAAAAJ&pagesize=100&citation_for_view=fN-LWBEAAAAJ:K3LRdlH-MEoC,,A Djuraidah,"Statistika 6 (1), 47-54, 0"
Aunuddin. 2006. Kriging pada thin-plate spline dengan pendekatan model campuran,https://scholar.google.com/citations?view_op=view_citation&hl=id&user=fN-LWBEAAAAJ&pagesize=100&citation_for_view=fN-LWBEAAAAJ:tS2w5q8j5-wC,,A Djuraidah,"Jurnal Matematika Integratif 5 (2), 1-12, 0"
PENDEKATAN REGRESI KUADRAT TERKECIL PARSIAL ROBUST MULTIRESPONS DALAM MODEL KALIBRASI,https://scholar.google.com/citations?view_op=view_citation&hl=id&user=fN-LWBEAAAAJ&cstart=100&pagesize=100&citation_for_view=fN-LWBEAAAAJ:TFP_iSt0sucC,,"AHW Ismah, A Djuraidah",N/A
